Band,Capture,Points,MinFrequencyHz,MaxFrequencyHz,MedianCombinedCoherence,EstimatedPotOhm,EstimatedRbpTotalOhm,OffsetFromTargetOhm,RelativeComplexResidual,DiagnosticReliable
100Hzto1kHz_200ms_25ms_div,ALL0006_F0006,6,110.762294453799,187.876623448407,0.987808879305541,672.03285824033,7472.03285824033,37.4940703948354,5.12179371717794,0
100Hzto1kHz_200ms_25ms_div,ALL0007_F0007,6,110.757458503971,187.867138128168,0.984074468524688,667.033642346186,7467.03364234619,32.4948545006906,5.3013847046331,0
10Hzto100Hz_2s_250ms_div,ALL0002_F0002,20,11.0881630322203,90.1862460671292,0.970144307594354,1420.75450865225,8220.75450865225,786.215720806757,44.4609296393671,0
10Hzto100Hz_2s_250ms_div,ALL0003_F0003,20,11.0949539898931,90.1795744092459,0.976228235830491,1420.13310142461,8220.13310142461,785.594313579111,43.9812574811307,0
10Hzto100Hz_2s_250ms_div,ALL0004_F0004,20,11.0968509114437,90.1946716763564,0.984528581444977,1380.49665439932,8180.49665439932,745.957866553824,43.2329224730555,0
1kHzto10kHz_20ms_2.5ms_div,ALL0004_F0004,0,NaN,NaN,NaN,NaN,NaN,NaN,NaN,0
20kHzto200kHz_1ms_100us_div,ALL0000_F0000,0,NaN,NaN,NaN,NaN,NaN,NaN,NaN,0
5kHzto50kHz_4ms_500us_div,ALL0002_F0002,0,NaN,NaN,NaN,NaN,NaN,NaN,NaN,0
