Stage,SignalDefinition,IdentificationStatus,PointsUsed,MinFrequencyHz,MaxFrequencyHz,MedianCoherence,TfestFitMagnitudeRmseDb,TfestFitPhaseRmseDeg,TfestVsPsocHighMagnitudeRmseDb,TfestVsPsocHighPhaseRmseDeg,ProcessedVsPsocHighMagnitudeRmseDb,ProcessedVsPsocHighPhaseRmseDeg,IdentifiedF1Hz,IdentifiedF2Hz,IdentifiedQ,FilterChangeMagnitudeRmseDb,FilterChangePhaseRmseDeg,MagnitudeInsideMonteCarloPercent,PhaseInsideMonteCarloPercent,PsocHighReference
BP,CH2(BP) / CH1(PGA),parcial: polo inferior fuera de banda; alta frecuencia no ideal,81,0.211273850719914,47505.5189532511,0.995057693333476,2.15374466280044,31.2727543546928,2.85766482282707,12.8680242481912,3.5355194196116,32.9995610853481,35403.9117686904,35403.9117686904,2.25089041359951,0.33918517799757,0.789042765383799,54.320987654321,7.40740740740741,"PSoC 5LP High, componentes actuales"
COMP,CH3(compensador) / CH1(PGA),objetivo zeta0=0.25; pot objetivo 634.539 ohm; pot estimado en estas capturas 1043.869 ohm (error complejo 0.265),71,0.211273850719914,4732.13742614237,0.965725360686254,1.07224962765474,9.43045955357442,25.1160298631805,68.6013327994824,25.0822856062003,67.8962766583951,232.613793722341,4688.16246412589,NaN,0.110314288166823,0.747448129244935,7.04225352112676,5.63380281690141,"PSoC 5LP High, componentes actuales"
LP,CH4(ADC/LP) / CH3(compensador),confiable en la banda útil seleccionada,29,11.78254761603,658.100025556551,0.948895263885148,0.632401837135868,6.33503550592273,0.738048875270479,3.61743640387516,1.2687747769019,7.3646365925167,278.094606004639,278.094606004639,0.698914969942724,1.13890638782406,3.71621439474187,65.5172413793103,65.5172413793103,"PSoC 5LP High, componentes actuales"
LP_PGA,Cadena PGA->ADC medida directamente: CH4/CH1,confiable en banda útil; dinámica subsónica no observable,57,0.211273850719914,618.360463452141,0.99728618771641,0.646595131567402,6.48925061566685,27.8197918280422,75.1959868350909,27.8387000370356,75.1262652648597,NaN,NaN,NaN,0.21054895598846,0.873757760470017,3.50877192982456,7.01754385964912,"PSoC 5LP High, componentes actuales"
GEO_LP,Cadena GEO->ADC calculada: Hgeo nominal * CH4/CH1,calculada con Hgeo nominal; no es una quinta medición,57,0.211273850719914,618.360463452141,0.99728618771641,0.646595131567396,6.48925061566688,27.8197918280421,75.1959868350913,27.8387000370356,75.1262652648601,NaN,NaN,NaN,0.201237781713884,0.866580124290222,3.50877192982456,7.01754385964912,"PSoC 5LP High, componentes actuales"
